,0
0,AbilityOne Commission
1,Access Board
2,Administration for Children and Families (ACF)
3,Administration for Community Living
4,Administration for Native Americans
5,Administrative Conference of the United States
6,Administrative Office of the U.S. Courts
7,Advisory Council on Historic Preservation
8,Africa Command
9,African Development Foundation
10,Agency for Global Media
11,Agency for Healthcare Research and Quality (AHRQ)
12,Agency for International Development (USAID)
13,Agency for Toxic Substances and Disease Registry
14,Agricultural Marketing Service (AMS)
15,Agricultural Research Service
16,Agriculture Department (USDA)
17,Agriculture Library
18,Air Force
19,Air Force Reserve
20,Alcohol and Tobacco Tax and Trade Bureau
21,"Alcohol, Tobacco, Firearms and Explosives Bureau (ATF)"
22,Alhurra TV
23,American Battle Monuments Commission
24,AmeriCorps
25,AmeriCorps Seniors
26,Amtrak (AMTRAK)
27,Animal and Plant Health Inspection Service (APHIS)
28,Antitrust Division
29,Appalachian Regional Commission
30,Architect of the Capitol
31,"Archives, National Archives and Records Administration (NARA)"
32,Arctic Research Commission
33,Armed Forces Retirement Home
34,Arms Control and International Security
35,Army
36,Army Corps of Engineers
37,"Arthritis, Musculoskeletal and Skin Diseases, National Institute of "
38,Bankruptcy Courts
39,Barry M. Goldwater Scholarship and Excellence in Education Program
40,Bonneville Power Administration
41,Botanic Garden
42,Bureau of Alcohol and Tobacco Tax and Trade
43,"Bureau of Alcohol, Tobacco, Firearms and Explosives (ATF)"
44,Bureau of Consular Affairs
45,Bureau of Consumer Financial Protection
46,Bureau of Economic Analysis (BEA)
47,Bureau of Engraving and Printing (BEP)
48,Bureau of Indian Affairs
49,Bureau of Industry and Security (BIS)
50,Bureau of International Labor Affairs
51,Bureau of Justice Statistics
52,Bureau of Labor Statistics
53,Bureau of Land Management (BLM)
54,Bureau of Ocean Energy Management
55,Bureau of Prisons (BOP)
56,Bureau of Reclamation
57,Bureau of Safety and Environmental Enforcement (BSEE)
58,Bureau of the Census
59,Bureau of the Fiscal Service
60,Bureau of Transportation Statistics
61,Capitol Police
62,Capitol Visitor Center
63,"Career, Technical, and Adult Education, Office of"
64,Census Bureau
65,Center for Food Safety and Applied Nutrition
66,Center for Nutrition Policy and Promotion (CNPP)
67,Center for Parent Information and Resources (CPIR)
68,Centers for Disease Control and Prevention (CDC)
69,Centers for Medicare and Medicaid Services (CMS)
70,Central Command (CENTCOM)
71,Central Intelligence Agency (CIA)
72,Chemical Safety Board
73,Chief Acquisition Officers Council
74,Chief Financial Officers Council
75,Chief Human Capital Officers Council
76,Chief Information Officers Council
77,"Child Support Enforcement, Office of (OCSE)"
78,Circuit Courts of Appeal
79,Citizens' Stamp Advisory Committee
80,Citizenship and Immigration Services (USCIS)
81,"Civil Rights Division, Department of Justice"
82,"Civil Rights, Department of Education Office of"
83,"Civil Rights, Department of Health and Human Services Office for"
84,Coast Guard
85,College of Information and Cyberspace
86,Commerce Department (DOC)
87,Commission of Fine Arts
88,Commission on Civil Rights
89,Commission on International Religious Freedom
90,Commission on Presidential Scholars
91,Commission on Security and Cooperation in Europe (Helsinki Commission)
92,Committee for the Implementation of Textile Agreements
93,Committee on Foreign Investment in the United States
94,Commodity Futures Trading Commission (CFTC)
95,Community Oriented Policing Services (COPS)
96,Community Planning and Development
97,"Comptroller of the Currency, Office of (OCC)"
98,Computer Emergency Readiness Team (US CERT)
99,Congress—U.S. House of Representatives
100,Congress—U.S. Senate
101,Congressional Budget Office (CBO)
102,Congressional Research Service
103,"Congressional Workplace Rights, Office of"
104,"Consular Affairs, Bureau of"
105,Consumer Financial Protection Bureau
106,Consumer Product Safety Commission (CPSC)
107,Coordinating Council on Juvenile Justice and Delinquency Prevention
108,Copyright Office
109,Corps of Engineers
110,Council of Economic Advisers
111,Council of the Inspectors General on Integrity and Efficiency
112,Council on Environmental Quality
113,Court of Appeals for the Armed Forces
114,Court of Appeals for the Federal Circuit
115,Court of Appeals for Veterans Claims
116,Court of Federal Claims
117,Court of International Trade
118,Court Services and Offender Supervision Agency for the District of Columbia
119,Customs and Border Protection
120,Cyber Command
121,Cybersecurity and Infrastructure Security Agency (CISA)
122,Debt and Claims Management Center
123,Defense Acquisition University
124,Defense Advanced Research Projects Agency (DARPA)
125,Defense Commissary Agency
126,Defense Contract Audit Agency
127,Defense Contract Management Agency
128,Defense Counterintelligence and Security Agency
129,Defense Department (DOD)
130,Defense Finance and Accounting Service (DFAS)
131,Defense Finance and Accounting Service Debt and Claims Management Center
132,Defense Health Agency
133,Defense Information Systems Agency (DISA)
134,Defense Intelligence Agency (DIA)
135,Defense Logistics Agency (DLA)
136,Defense Nuclear Facilities Safety Board
137,Defense Security Cooperation Agency (DSCA)
138,Defense Technical Information Center (DTIC)
139,Defense Threat Reduction Agency (DTRA)
140,Delaware River Basin Commission
141,Delta Regional Authority
142,Denali Commission
143,Department of Agriculture (USDA)
144,Department of Commerce (DOC)
145,Department of Defense (DOD)
146,Department of Education (ED)
147,Department of Energy (DOE)
148,Department of Health and Human Services (HHS)
149,Department of Homeland Security (DHS)
150,Department of Housing and Urban Development (HUD)
151,Department of Justice (DOJ)
152,Department of Labor (DOL)
153,Department of State (DOS)
154,Department of the Interior (DOI)
155,Department of the Treasury
156,Department of Transportation (DOT)
157,Department of Veterans Affairs (VA)
158,"Director of National Intelligence, Office of"
159,"Disability Employment Policy, Office of (ODEP)"
160,Drug Enforcement Administration (DEA)
161,Dwight D. Eisenhower School for National Security and Resource Strategy
162,"Economic Analysis, Bureau of (BEA)"
163,Economic Development Administration (EDA)
164,"Economic Growth, Energy, and the Environment"
165,Economic Research Service
166,Education Department (ED)
167,Elder Justice Initiative 
168,Election Assistance Commission (EAC)
169,"Elementary and Secondary Education, Office of"
170,Employee Benefits Security Administration (EBSA)
171,Employment and Training Administration
172,Endangered Species Program
173,Energy Department (DOE)
174,Energy Information Administration
175,Energy Star Program
176,English Language Acquisition Office
177,"Engraving and Printing, Bureau of (BEP)"
178,"Environmental Management, Office of"
179,Environmental Protection Agency (EPA)
180,Equal Employment Opportunity Commission (EEOC)
181,European Command
182,Executive Office for Immigration Review
183,Export-Import Bank of the United States
184,Fair Housing and Equal Opportunity (FHEO)
185,Fannie Mae
186,Farm Credit Administration
187,Farm Credit System Insurance Corporation
188,Farm Service Agency
189,Federal Accounting Standards Advisory Board
190,Federal Aviation Administration (FAA)
191,Federal Bureau of Investigation (FBI)
192,Federal Bureau of Prisons (BOP)
193,Federal Citizen Information Center
194,Federal Communications Commission (FCC)
195,Federal Consulting Group
196,Federal Court Interpreters
197,Federal Deposit Insurance Corporation (FDIC)
198,Federal Election Commission
199,Federal Emergency Management Agency (FEMA)
200,Federal Energy Regulatory Commission
201,Federal Executive Boards
202,Federal Financial Institutions Examination Council
203,Federal Financing Bank
204,Federal Geographic Data Committee
205,Federal Highway Administration (FHA)
206,Federal Home Loan Mortgage Corporation  (Freddie Mac)
207,Federal Housing Administration (FHA)
208,Federal Housing Finance Agency
209,Federal Interagency Council on Statistical Policy
210,Federal Judicial Center
211,Federal Labor Relations Authority (FLRA)
212,Federal Laboratory Consortium for Technology Transfer
213,Federal Law Enforcement Training Center (FLETC)
214,Federal Library and Information Center Committee
215,Federal Maritime Commission
216,Federal Mediation and Conciliation Service
217,Federal Mine Safety and Health Review Commission
218,Federal Motor Carrier Safety Administration (FMCSA)
219,Federal National Mortgage Association (Fannie Mae)
220,Federal Protective Service
221,Federal Railroad Administration (FRA)
222,Federal Register
223,Federal Reserve System
224,Federal Retirement Thrift Investment Board
225,Federal Student Aid Information Center 
226,Federal Trade Commission (FTC)
227,Federal Transit Administration (FTA)
228,Federal Voting Assistance Program
229,FedStats
230,Fire Administration (USFA)
231,"Fiscal Service, Bureau of the"
232,Fish and Wildlife Service (FWS)
233,Fleet Forces Command
234,"Food and Agriculture, National Institute of (NIFA)"
235,Food and Drug Administration (FDA)
236,Food and Nutrition Service
237,Food Safety and Inspection Service
238,Foreign Agricultural Service
239,Foreign Claims Settlement Commission
240,Forest Service
241,Fossil Energy
242,Freddie Mac
243,Fulbright Foreign Scholarship Board
244,General Services Administration (GSA)
245,Geological Survey (USGS)
246,Ginnie Mae
247,"Global Media, Agency for"
248,Government Accountability Office (GAO)
249,"Government Ethics, Office of (OGE)"
250,Government National Mortgage Association (Ginnie Mae)
251,Government Publishing Office (GPO)
252,Harry S. Truman Scholarship Foundation
253,Health and Human Services Department (HHS)
254,Health Resources and Services Administration
255,Helsinki Commission
256,Holocaust Memorial Museum
257,Homeland Security Department (DHS)
258,Hour and Wage Division (WHD)
259,House of Representatives
260,House Office of Inspector General
261,House Office of the Clerk
262,"Housing and Urban Development, Department of (HUD)"
263,Housing Office
264,Immigrant and Employee Rights Section (IER)
265,Immigration and Citizenship Services (USCIS)
266,Immigration and Customs Enforcement (ICE)
267,Indian Affairs
268,Indian Arts and Crafts Board
269,Indian Health Service
270,Indo-Pacific Command
271,Indoor Air Quality (IAQ)
272,Industrial College of the Armed Forces
273,"Industry and Security, Bureau of (BIS)"
274,Inspectors General
275,Institute of Education Sciences
276,Institute of Museum and Library Services
277,Institute of Peace
278,Inter-American Foundation
279,Interagency Alternative Dispute Resolution Working Group
280,Interagency Committee for the Management of Noxious and Exotic Weeds
281,Interagency Council on Homelessness
282,Interior Department (DOI)
283,Internal Revenue Service (IRS)
284,International Development Finance Corporation (DFC)
285,"International Labor Affairs, Bureau of"
286,International Trade Administration (ITA)
287,International Trade Commission
288,Interpol
289,James Madison Memorial Fellowship Foundation
290,Japan-United States Friendship Commission
291,Job Corps
292,John F. Kennedy Center for the Performing Arts
293,Joint Board for the Enrollment of Actuaries
294,Joint Chiefs of Staff
295,Joint Congressional Committee on Inaugural Ceremonies
296,Joint Fire Science Program
297,Joint Forces Staff College
298,Joint Military Intelligence College
299,Joint Program Executive Office for Chemical and Biological Defense
300,Judicial Circuit Courts of Appeal
301,Judicial Panel on Multidistrict Litigation
302,Justice Department (DOJ)
303,"Justice Programs, Office of"
304,"Justice Statistics, Bureau of"
305,"Juvenile Justice and Delinquency Prevention, Office of"
306,Kennedy Center
307,Labor Department (DOL)
308,"Labor Statistics, Bureau of"
309,"Land Management, Bureau of (BLM)"
310,Legal Services Corporation
311,Library of Congress (LOC)
312,"Manufactured Housing Programs, Office of "
313,Marine Corps
314,Marine Mammal Commission
315,Maritime Administration (MARAD)
316,Marshals Service
317,Meat and Poultry Hotline
318,Mediation and Conciliation Service
319,Medicaid (CMS)
320,Medicaid and CHIP Payment and Access Commission
321,Medicare (CMS)
322,Medicare Payment Advisory Commission
323,Merit Systems Protection Board
324,Middle East Broadcasting Networks
325,Migratory Bird Conservation Commission
326,Military Postal Service Agency
327,Millennium Challenge Corporation
328,Mine Safety and Health Administration (MSHA)
329,Minority Business Development Agency
330,"Minority Health, Office of"
331,Mint
332,Missile Defense Agency (MDA)
333,Mississippi River Commission
334,Morris K. Udall and Stewart L. Udall Foundation
335,Multifamily Housing Office
336,National Aeronautics and Space Administration (NASA)
337,National Agricultural Statistics Service
338,National Archives and Records Administration (NARA)
339,National Cancer Institute (NCI)
340,National Capital Planning Commission
341,National Cemetery Administration
342,National Center for Complementary and Integrative Health (NCCIH)
343,National Constitution Center
344,National Council on Disability
345,National Credit Union Administration (NCUA)
346,National Defense University
347,National Defense University iCollege
348,National Endowment for the Arts (NEA)
349,National Endowment for the Humanities
350,National Flood Insurance Program (NFIP)
351,National Gallery of Art
352,National Geospatial-Intelligence Agency
353,National Guard
354,National Health Information Center (NHIC)
355,"National Heart, Lung, and Blood Institute  (NHLBI)"
356,National Highway Traffic Safety Administration (NHTSA)
357,National Indian Gaming Commission
358,"National Institute of Arthritis, Musculoskeletal and Skin Diseases"
359,National Institute of Corrections
360,National Institute of Deafness and Other Communication Disorders (NIDCD)
361,National Institute of Diabetes and Digestive and Kidney Diseases (NIDDK)
362,National Institute of Food and Agriculture (NIFA)
363,National Institute of Justice
364,National Institute of Mental Health (NIMH)
365,National Institute of Neurological Disorders and Stroke (NINDS)
366,National Institute of Occupational Safety and Health (NIOSH)
367,National Institute of Standards and Technology (NIST)
368,National Institutes of Health (NIH)
369,National Intelligence University
370,National Interagency Fire Center
371,National Labor Relations Board (NLRB)
372,National Laboratories
373,National Library of Agriculture
374,National Library of Medicine
375,National Marine Fisheries Service
376,National Mediation Board
377,National Nuclear Security Administration
378,National Ocean Service
379,National Oceanic and Atmospheric Administration (NOAA)
380,National Park Foundation
381,National Park Service (NPS)
382,National Passport Information Center (NPIC)
383,National Pesticide Information Center
384,National Prevention Information Network
385,National Railroad Passenger Corporation (AMTRAK)
386,National Reconnaissance Office
387,National Science Foundation (NSF)
388,National Security Agency (NSA)
389,National Security Council (NSC)
390,National Technical Information Service
391,National Telecommunications and Information Administration
392,National Transportation Safety Board (NTSB)
393,National War College
394,National Weather Service
395,Natural Resources Conservation Service
396,"Natural Resources Revenue, Office of"
397,Navy
398,NOAA Fisheries
399,Northern Border Regional Commission
400,Northern Command
401,Northwest Power and Conservation Council
402,Northwest Power Planning Council
403,"Nuclear Energy, Office of"
404,Nuclear Regulatory Commission (NRC)
405,Nuclear Waste Technical Review Board
406,Oak Ridge National Laboratory
407,Occupational Safety and Health Administration (OSHA)
408,Occupational Safety and Health Review Commission
409,"Ocean Energy Management, Bureau of"
410,"Office for Civil Rights, Department of Education"
411,"Office for Civil Rights, Department of Health and Human Services"
412,"Office of Career, Technical, and Adult Education"
413,Office of Child Support Enforcement (OCSE)
414,Office of Community Planning and Development
415,Office of Congressional Workplace Rights
416,Office of Cuba Broadcasting
417,Office of Disability Employment Policy (ODEP)
418,Office of Elementary and Secondary Education
419,Office of Environmental Management
420,Office of Fair Housing and Equal Opportunity (FHEO)
421,Office of Fossil Energy
422,Office of Government Ethics (OGE)
423,Office of Housing
424,Office of Immigrant and Employee Rights (IER)
425,Office of Investor Education and Advocacy
426,Office of Justice Programs
427,Office of Juvenile Justice and Delinquency Prevention
428,Office of Lead Hazard Control and Healthy Homes
429,Office of Local Defense Community Cooperation
430,Office of Management and Budget (OMB)
431,Office of Manufactured Housing Programs
432,Office of Minority Health
433,Office of National Drug Control Policy (ONDCP)
434,Office of Natural Resources Revenue
435,Office of Nuclear Energy
436,Office of Personnel Management (OPM)
437,Office of Policy Development and Research
438,Office of Postsecondary Education
439,Office of Refugee Resettlement
440,Office of Science and Technology Policy
441,Office of Scientific and Technical Information
442,Office of Servicemember Affairs
443,Office of Special Counsel
444,Office of Special Education and Rehabilitative Services (OSERS)
445,"Office of Surface Mining, Reclamation and Enforcement"
446,Office of the Assistant Secretary for Research and Technology
447,Office of the Comptroller of the Currency (OCC)
448,Office of the Director of National Intelligence
449,Office of the Federal Register
450,Office of the Pardon Attorney
451,Office on Violence Against Women (OVW)
452,Open World Leadership Center
453,Pacific Command
454,Pacific Northwest Electric Power and Conservation Planning Council
455,"Pardon Attorney, Office of"
456,Parent Information and Resources Center (CPIR)
457,Parole Commission
458,Passport Information Center (NPIC)
459,Patent and Trademark Office
460,Peace Corps
461,Pension Benefit Guaranty Corporation (PBGC)
462,Pentagon Force Protection Agency
463,Pipeline and Hazardous Materials Safety Administration
464,Policy Development and Research
465,Political Affairs
466,Postal Inspection Service
467,Postal Regulatory Commission
468,Postal Service (USPS)
469,"Postsecondary Education, Office of"
470,Power Administrations
471,"President's Council on Fitness, Sports and Nutrition"
472,Presidential Scholars Commission
473,Presidio Trust
474,Pretrial Services Agency for the District of Columbia
475,Prevention Information Network
476,Prisoner of War and Missing in Action Accounting Agency
477,Privacy and Civil Liberties Oversight Board (PCLOB)
478,Public and Indian Housing
479,Public Diplomacy and Public Affairs
480,Radio and TV Martí
481,Radio Free Asia (RFA)
482,Radio Free Europe and Radio Liberty (RFE/RL)
483,Radio Sawa
484,Railroad Retirement Board (RRB)
485,"Reclamation, Bureau of"
486,"Refugee Resettlement, Office of"
487,Rehabilitation Services Administration
488,Risk Management Agency
489,Rural Business and Cooperative Programs
490,Rural Development
491,Rural Housing Service
492,Rural Utilities Service
493,"Safety and Environmental Enforcement, Bureau of (BSEE)"
494,Saint Lawrence Seaway Development Corporation
495,"Science and Technology Policy, Office of"
496,Science Office
497,"Scientific and Technical Information, Office of"
498,Seafood Inspection Program
499,Secret Service
500,Securities and Exchange Commission (SEC)
501,Selective Service System (SSS)
502,Senate
503,Sentencing Commission
504,"Servicemember Affairs, Office of"
505,Small Business Administration (SBA)
506,Smithsonian Institution
507,Social Security Administration (SSA)
508,Social Security Advisory Board
509,Southeastern Power Administration
510,Southern Command
511,Southwestern Power Administration
512,Space Command
513,"Special Counsel, Office of"
514,"Special Education and Rehabilitative Services, Office of (OSERS)"
515,Special Operations Command
516,State Department (DOS)
517,State Justice Institute
518,Stennis Center for Public Service
519,Strategic Command
520,Substance Abuse and Mental Health Services Administration (SAMHSA)
521,Supreme Court of the United States
522,"Surface Mining, Reclamation and Enforcement, Office of"
523,Surface Transportation Board
524,Susquehanna River Basin Commission
525,Tax Court
526,Taxpayer Advocacy Panel
527,Tennessee Valley Authority (TVA)
528,Trade and Development Agency
529,Trade Representative
530,Transportation Department (DOT)
531,Transportation Security Administration (TSA)
532,"Transportation Statistics, Bureau of"
533,Treasury Department
534,Trustee Program
535,U.S. AbilityOne Commission
536,U.S. Access Board
537,U.S. Africa Command
538,U.S. Agency for Global Media
539,U.S. Agency for International Development (USAID)
540,U.S. Air Force
541,U.S. Air Force Reserve Command
542,U.S. Arctic Research Commission
543,U.S. Army
544,U.S. Army Corps of Engineers
545,U.S. Botanic Garden
546,U.S. Capitol Police
547,U.S. Capitol Visitor Center
548,U.S. Census Bureau
549,U.S. Central Command (CENTCOM)
550,U.S. Chemical Safety Board
551,U.S. Citizenship and Immigration Services (USCIS)
552,U.S. Coast Guard
553,U.S. Commission of Fine Arts
554,U.S. Commission on International Religious Freedom
555,U.S. Commodity Futures Trading Commission (CFTC)
556,U.S. Court of Appeals for Veterans Claims
557,U.S. Courts of Appeal
558,U.S. Customs and Border Protection
559,U.S. Cyber Command
560,U.S. Department of Agriculture (USDA)
561,U.S. Department of Commerce (DOC)
562,U.S. Department of Defense (DOD)
563,U.S. Department of Education (ED)
564,U.S. Department of Energy (DOE)
565,U.S. Department of Health and Human Services (HHS)
566,U.S. Department of Homeland Security (DHS)
567,U.S. Department of Housing and Urban Development (HUD)
568,U.S. Department of Justice (DOJ)
569,U.S. Department of Labor (DOL)
570,U.S. Department of State (DOS)
571,U.S. Department of the Interior (DOI)
572,U.S. Department of the Treasury
573,U.S. Department of Transportation (DOT)
574,U.S. Department of Veterans Affairs (VA)
575,U.S. Election Assistance Commission (EAC)
576,U.S. European Command
577,U.S. Fire Administration (USFA)
578,U.S. Fleet Forces Command
579,U.S. Geological Survey (USGS)
580,U.S. House of Representatives
581,U.S. Immigration and Customs Enforcement (ICE)
582,U.S. Indo-Pacific Command
583,U.S. International Development Finance Corporation (DFC)
584,U.S. International Trade Commission
585,U.S. Marine Corps
586,U.S. Marshals Service
587,"U.S. Military Academy, West Point"
588,U.S. Mint
589,U.S. Mission to the United Nations
590,U.S. National Central Bureau - Interpol
591,U.S. Navy
592,U.S. Northern Command
593,U.S. Nuclear Regulatory Commission (NRC)
594,U.S. Parole Commission
595,U.S. Patent and Trademark Office
596,U.S. Postal Inspection Service
597,U.S. Postal Service (USPS)
598,U.S. Senate
599,U.S. Sentencing Commission
600,U.S. Southern Command
601,U.S. Space Command
602,U.S. Special Operations Command
603,U.S. Strategic Command
604,U.S. Trade and Development Agency
605,U.S. Trade Representative
606,U.S. Transportation Command
607,U.S. Trustee Program
608,Unified Combatant Commands
609,Uniformed Services University of the Health Sciences
610,US-CERT (US CERT)
611,USAGov
612,Veterans Affairs Department (VA)
613,Veterans Benefits Administration (VBA)
614,Veterans Day National Committee
615,Veterans Health Administration (VHA)
616,Veterans' Employment and Training Service (VETS)
617,"Violence Against Women, Office on  (OVW)"
618,Voice of America (VOA)
619,Wage and Hour Division (WHD)
620,Washington Headquarters Services
621,Weather Service
622,Weights and Measures Division
623,West Point Military Academy
624,Western Area Power Administration
625,White House
626,Wireless Telecommunications Bureau
627,Women's Bureau
628,Woodrow Wilson International Center for Scholars
